{"cameraMode":{"drawMode":0,"name":"Shaded","section":"Shading Mode"},"sceneLighting":false,"audioPlay":false,"sceneViewState":{"showFog":true,"showMaterialUpdate":false,"showSkybox":true,"showFlares":true,"showImageEffects":true,"showParticleSystems":true},"in2DMode":false,"pivot":{"x":93.03926849365235,"y":152.24005126953126,"z":143.0760040283203},"rotation":{"x":0.11229347437620163,"y":-0.8632928133010864,"z":0.22035005688667298,"w":0.4399564266204834},"size":6.75227689743042,"orthographic":false}