{"cameraMode":{"drawMode":0,"name":"Shaded","section":"Shading Mode"},"sceneLighting":false,"audioPlay":false,"sceneViewState":{"showFog":true,"showMaterialUpdate":false,"showSkybox":true,"showFlares":true,"showImageEffects":true,"showParticleSystems":true},"in2DMode":false,"pivot":{"x":-0.6987400054931641,"y":11.429312705993653,"z":-4.748300552368164},"rotation":{"x":0.042206089943647388,"y":-0.713610053062439,"z":0.043153874576091769,"w":0.6979377269744873},"size":55.16923141479492,"orthographic":false}