{"cameraMode":{"drawMode":0,"name":"Shaded","section":"Shading Mode"},"sceneLighting":false,"audioPlay":false,"sceneViewState":{"showFog":true,"showMaterialUpdate":false,"showSkybox":true,"showFlares":true,"showImageEffects":true,"showParticleSystems":true},"in2DMode":false,"pivot":{"x":0.0,"y":0.45573878288269045,"z":1.3241840600967408},"rotation":{"x":0.13459287583827973,"y":-0.11366651207208634,"z":0.015545795671641827,"w":0.9842373132705689},"size":5.548264503479004,"orthographic":false}