{"cameraMode":{"drawMode":0,"name":"Shaded","section":"Shading Mode"},"sceneLighting":false,"audioPlay":false,"sceneViewState":{"showFog":true,"showMaterialUpdate":false,"showSkybox":true,"showFlares":true,"showImageEffects":true,"showParticleSystems":true},"in2DMode":false,"pivot":{"x":0.037204742431640628,"y":10.232248306274414,"z":-0.3363943099975586},"rotation":{"x":0.042206089943647388,"y":-0.713610053062439,"z":0.043153874576091769,"w":0.6979377269744873},"size":57.22075653076172,"orthographic":false}