{"cameraMode":{"drawMode":0,"name":"Shaded","section":"Shading Mode"},"sceneLighting":false,"audioPlay":false,"sceneViewState":{"showFog":true,"showMaterialUpdate":false,"showSkybox":true,"showFlares":true,"showImageEffects":true,"showParticleSystems":true},"in2DMode":false,"pivot":{"x":-1.91241455078125,"y":11.788198471069336,"z":2.0718915462493898},"rotation":{"x":0.031667280942201617,"y":-0.7954166531562805,"z":0.041717279702425,"w":0.6037957668304443},"size":26.206695556640626,"orthographic":false}