{"cameraMode":{"drawMode":0,"name":"Shaded","section":"Shading Mode"},"sceneLighting":false,"audioPlay":false,"sceneViewState":{"showFog":true,"showMaterialUpdate":false,"showSkybox":true,"showFlares":true,"showImageEffects":true,"showParticleSystems":true},"in2DMode":false,"pivot":{"x":0.10625505447387696,"y":1.7881393432617188e-7,"z":-0.04527932405471802},"rotation":{"x":0.08599863946437836,"y":-0.7415331602096558,"z":0.09687433391809464,"w":0.6582919359207153},"size":4.5414934158325199,"orthographic":false}